"QL_mean","QL_min","QL_max","Crit_mean","Crit_min","Crit_max","n","QL_above_crit"
0.0790216271884655,0.02,1,1.48683530332233,0.0885586534473844,21.0992496847418,1942,14
